{
  "single_rate": 27.439999999999998,
  "double_at_least_one": 48.6,
  "double_both": 5.6000000000000005
}