{
  "best_pos_dan": 9.68,
  "pos1_dan": 10.440000000000001,
  "pos2_dan": 10.459999999999999,
  "pos3_dan": 9.42,
  "any_pos_dan": 59.540000000000006,
  "all_pos_dan": 0.12
}