{
  "hot_dan": 27.060000000000002,
  "markov_dan": 26.619999999999997,
  "route_dan": 26.5,
  "sum_dan": 27.279999999999998,
  "final_dan": 26.44
}